<?xml version="1.0" encoding="UTF-8"?>
<project-private xmlns="http://www.netbeans.org/ns/project-private/1">
    <editor-bookmarks xmlns="http://www.netbeans.org/ns/editor-bookmarks/2" lastBookmarkId="0"/>
    <open-files xmlns="http://www.netbeans.org/ns/projectui-open-files/2">
        <group>
            <file>file:/home/gonzalo/Escritorio/PDOO/Civitas/src/civitas/Diario.java</file>
            <file>file:/home/gonzalo/Escritorio/PDOO/Civitas/src/vistaTextualCivitas/VistaTextual.java</file>
            <file>file:/home/gonzalo/Escritorio/PDOO/Civitas/src/civitas/OperacionJuego.java</file>
            <file>file:/home/gonzalo/Escritorio/PDOO/Civitas/src/civitas/MazoSorpresas.java</file>
            <file>file:/home/gonzalo/Escritorio/PDOO/Civitas/src/civitas/Sorpresa.java</file>
            <file>file:/home/gonzalo/Escritorio/PDOO/Civitas/src/civitas/Dado.java</file>
            <file>file:/home/gonzalo/Escritorio/PDOO/Civitas/src/controladorCivitas/Controlador.java</file>
            <file>file:/home/gonzalo/Escritorio/PDOO/Civitas/src/controladorCivitas/Respuesta.java</file>
            <file>file:/home/gonzalo/Escritorio/PDOO/Civitas/src/civitas/TipoCasilla.java</file>
            <file>file:/home/gonzalo/Escritorio/PDOO/Civitas/src/civitas/CivitasJuego.java</file>
            <file>file:/home/gonzalo/Escritorio/PDOO/Civitas/src/civitas/Casilla.java</file>
            <file>file:/home/gonzalo/Escritorio/PDOO/Civitas/src/civitas/Jugador.java</file>
            <file>file:/home/gonzalo/Escritorio/PDOO/Civitas/src/civitas/JuegoTexto.java</file>
            <file>file:/home/gonzalo/Escritorio/PDOO/Civitas/src/civitas/GestorEstados.java</file>
            <file>file:/home/gonzalo/Escritorio/PDOO/Civitas/src/civitas/Tablero.java</file>
        </group>
    </open-files>
</project-private>
